{
  "wer_percentage": 106.77020048602672,
  "cer_percentage": 95.97761230036829,
  "total_samples": 2288,
  "empty_predictions": 0,
  "empty_prediction_rate": 0.0
}