{
  "total_samples": 2288,
  "valid_samples": 2288,
  "overall_wer_normalized": 42.98540965207632,
  "overall_cer_normalized": 21.640841307621315,
  "avg_wer_raw": 69.30566550371883,
  "avg_cer_raw": 28.199694917367783,
  "avg_wer_normalized": 41.8437990042558,
  "avg_cer_normalized": 21.187886570554685,
  "median_wer_raw": 68.99038461538461,
  "median_cer_raw": 27.389106327462493,
  "median_wer_normalized": 41.66666666666667,
  "median_cer_normalized": 20.689655172413794,
  "total_processing_time": 357.12424397468567,
  "avg_processing_time": 0.15608577096795703,
  "empty_predictions": 0,
  "model": "theainerd/Wav2Vec2-large-xlsr-hindi",
  "total_time": 358.55380058288574
}