{
  "wer_percentage": 104.8906439854192,
  "cer_percentage": 284.4548627305917,
  "total_samples": 2288,
  "empty_predictions": 0,
  "empty_prediction_rate": 0.0
}