{
  "wer_percentage": 68.76898541919806,
  "cer_percentage": 28.217025588240023,
  "total_samples": 2288,
  "empty_predictions": 0,
  "empty_prediction_rate": 0.0
}