{
  "wer_percentage": 21.38137910085055,
  "cer_percentage": 7.798703700725349,
  "total_samples": 2288,
  "empty_predictions": 0,
  "empty_prediction_rate": 0.0
}